time,fps,population,births,deaths,brightness,d_brightness,w0.09,w0.20,w0.32,w0.43,w0.55,w0.66,w0.78,w0.90,w1.01,w1.13,w1.24,w1.36,w1.47,w1.59,w1.70,w1.82,w1.93,w2.05,w2.17,w2.28,w2.40,w2.51,w2.63,w2.74
2026-09-28 07:24:20,15.00,15,0,0,62.6,0.0,0,1,1,1,1,2,1,2,2,2,2,0,0,0,0,0,0,0,0,0,0,0,0,0
2026-09-28 07:24:30,17.83,24,9,0,44.7,-17.9,0,3,1,1,1,4,2,5,2,3,2,0,0,0,0,0,0,0,0,0,0,0,0,0
2026-09-28 07:24:40,11.31,25,10,0,48.0,3.3,0,3,1,1,1,4,2,5,2,3,3,0,0,0,0,0,0,0,0,0,0,0,0,0
2026-09-28 07:24:50,11.05,25,10,0,49.7,1.7,0,3,1,1,1,4,2,5,2,3,3,0,0,0,0,0,0,0,0,0,0,0,0,0
2026-09-28 07:25:00,11.84,26,11,0,48.4,-1.3,0,4,1,1,1,4,2,5,2,3,3,0,0,0,0,0,0,0,0,0,0,0,0,0
2026-09-28 07:25:10,10.76,27,12,0,50.4,2.0,0,4,2,1,1,4,2,5,2,3,3,0,0,0,0,0,0,0,0,0,0,0,0,0
2026-09-28 07:25:20,11.21,29,14,0,49.6,-0.8,0,6,2,1,1,4,2,5,2,3,3,0,0,0,0,0,0,0,0,0,0,0,0,0
2026-09-28 07:25:30,10.75,29,14,0,50.7,1.1,0,6,2,1,1,4,2,5,2,3,3,0,0,0,0,0,0,0,0,0,0,0,0,0
2026-09-28 07:25:40,10.52,32,17,0,51.4,0.7,0,9,2,1,1,4,2,5,2,3,3,0,0,0,0,0,0,0,0,0,0,0,0,0
2026-09-28 07:25:50,11.36,35,20,0,51.1,-0.3,0,11,3,1,1,4,2,5,2,3,3,0,0,0,0,0,0,0,0,0,0,0,0,0
2026-09-28 07:26:00,10.40,39,24,0,52.1,1.0,0,15,3,1,1,4,2,5,2,3,3,0,0,0,0,0,0,0,0,0,0,0,0,0
2026-09-28 07:26:10,10.78,42,27,0,51.2,-0.9,0,18,3,1,1,4,2,5,2,3,3,0,0,0,0,0,0,0,0,0,0,0,0,0
2026-09-28 07:26:20,11.71,38,35,12,51.3,0.0,0,23,6,1,0,1,2,1,1,1,2,0,0,0,0,0,0,0,0,0,0,0,0,0
2026-09-28 07:26:30,10.48,41,42,16,49.7,-1.6,0,30,6,1,0,0,1,0,1,1,1,0,0,0,0,0,0,0,0,0,0,0,0,0
2026-09-28 07:26:40,16.73,55,57,17,47.2,-2.5,0,43,8,1,0,0,0,0,1,1,1,0,0,0,0,0,0,0,0,0,0,0,0,0
2026-09-28 07:26:51,15.64,70,72,17,48.9,1.7,0,56,10,1,0,0,0,0,1,1,1,0,0,0,0,0,0,0,0,0,0,0,0,0
2026-09-28 07:27:01,13.54,96,98,17,52.0,3.1,0,79,13,1,0,0,0,0,1,1,1,0,0,0,0,0,0,0,0,0,0,0,0,0
2026-09-28 07:27:11,10.82,100,102,17,50.6,-1.4,0,83,13,1,0,0,0,0,1,1,1,0,0,0,0,0,0,0,0,0,0,0,0,0
2026-09-28 07:27:21,10.90,100,102,17,50.6,-0.0,0,83,13,1,0,0,0,0,1,1,1,0,0,0,0,0,0,0,0,0,0,0,0,0
2026-09-28 07:27:31,11.92,107,111,19,52.3,1.8,0,91,14,1,0,0,0,0,0,1,0,0,0,0,0,0,0,0,0,0,0,0,0,0
2026-09-28 07:27:41,11.16,106,111,20,52.6,0.3,0,91,14,1,0,0,0,0,0,0,0,0,0,0,0,0,0,0,0,0,0,0,0,0
2026-09-28 07:27:51,10.88,106,111,20,53.9,1.2,0,91,14,1,0,0,0,0,0,0,0,0,0,0,0,0,0,0,0,0,0,0,0,0
2026-09-28 07:28:01,10.70,106,111,20,53.5,-0.4,0,91,14,1,0,0,0,0,0,0,0,0,0,0,0,0,0,0,0,0,0,0,0,0
2026-09-28 07:28:11,10.85,106,111,20,53.7,0.2,0,91,14,1,0,0,0,0,0,0,0,0,0,0,0,0,0,0,0,0,0,0,0,0
2026-09-28 07:28:21,10.49,106,111,20,54.7,1.1,0,91,14,1,0,0,0,0,0,0,0,0,0,0,0,0,0,0,0,0,0,0,0,0
2026-09-28 07:28:31,11.42,106,111,20,55.6,0.8,0,91,14,1,0,0,0,0,0,0,0,0,0,0,0,0,0,0,0,0,0,0,0,0
2026-09-28 07:28:41,11.33,106,111,20,56.4,0.9,0,91,14,1,0,0,0,0,0,0,0,0,0,0,0,0,0,0,0,0,0,0,0,0
2026-09-28 07:28:51,11.25,106,111,20,54.5,-2.0,0,91,14,1,0,0,0,0,0,0,0,0,0,0,0,0,0,0,0,0,0,0,0,0
2026-09-28 07:29:01,11.47,106,111,20,55.5,1.1,0,91,14,1,0,0,0,0,0,0,0,0,0,0,0,0,0,0,0,0,0,0,0,0
2026-09-28 07:29:11,11.41,106,111,20,55.7,0.2,0,91,14,1,0,0,0,0,0,0,0,0,0,0,0,0,0,0,0,0,0,0,0,0
2026-09-28 07:29:21,10.79,106,111,20,54.9,-0.9,0,91,14,1,0,0,0,0,0,0,0,0,0,0,0,0,0,0,0,0,0,0,0,0
2026-09-28 07:29:31,11.38,106,111,20,54.6,-0.2,0,91,14,1,0,0,0,0,0,0,0,0,0,0,0,0,0,0,0,0,0,0,0,0
2026-09-28 07:29:42,11.40,106,111,20,55.5,0.9,0,91,14,1,0,0,0,0,0,0,0,0,0,0,0,0,0,0,0,0,0,0,0,0
2026-09-28 07:29:52,11.38,106,111,20,56.3,0.8,0,91,14,1,0,0,0,0,0,0,0,0,0,0,0,0,0,0,0,0,0,0,0,0
2026-09-28 07:30:02,11.51,106,111,20,55.3,-1.0,0,91,14,1,0,0,0,0,0,0,0,0,0,0,0,0,0,0,0,0,0,0,0,0
2026-09-28 07:30:12,10.82,106,111,20,55.6,0.3,0,91,14,1,0,0,0,0,0,0,0,0,0,0,0,0,0,0,0,0,0,0,0,0
2026-09-28 07:30:22,10.62,106,111,20,57.0,1.4,0,91,14,1,0,0,0,0,0,0,0,0,0,0,0,0,0,0,0,0,0,0,0,0
2026-09-28 07:30:32,10.71,106,111,20,57.4,0.4,0,91,14,1,0,0,0,0,0,0,0,0,0,0,0,0,0,0,0,0,0,0,0,0
2026-09-28 07:30:42,11.42,106,111,20,57.7,0.3,0,91,14,1,0,0,0,0,0,0,0,0,0,0,0,0,0,0,0,0,0,0,0,0
2026-09-28 07:30:52,14.22,106,111,20,56.0,-1.7,0,91,14,1,0,0,0,0,0,0,0,0,0,0,0,0,0,0,0,0,0,0,0,0
2026-09-28 07:31:02,11.19,106,111,20,58.7,2.7,0,91,14,1,0,0,0,0,0,0,0,0,0,0,0,0,0,0,0,0,0,0,0,0
2026-09-28 07:31:12,11.14,106,111,20,58.1,-0.6,0,91,14,1,0,0,0,0,0,0,0,0,0,0,0,0,0,0,0,0,0,0,0,0
2026-09-28 07:31:22,10.78,106,111,20,58.5,0.3,0,91,14,1,0,0,0,0,0,0,0,0,0,0,0,0,0,0,0,0,0,0,0,0
2026-09-28 07:31:32,10.72,106,111,20,58.8,0.4,0,91,14,1,0,0,0,0,0,0,0,0,0,0,0,0,0,0,0,0,0,0,0,0
2026-09-28 07:31:42,10.63,106,111,20,59.2,0.4,0,91,14,1,0,0,0,0,0,0,0,0,0,0,0,0,0,0,0,0,0,0,0,0
2026-09-28 07:31:52,11.29,106,111,20,60.4,1.2,0,91,14,1,0,0,0,0,0,0,0,0,0,0,0,0,0,0,0,0,0,0,0,0
2026-09-28 07:32:02,10.91,106,111,20,60.6,0.2,0,91,14,1,0,0,0,0,0,0,0,0,0,0,0,0,0,0,0,0,0,0,0,0
2026-09-28 07:32:12,10.86,106,111,20,59.7,-0.9,0,91,14,1,0,0,0,0,0,0,0,0,0,0,0,0,0,0,0,0,0,0,0,0
2026-09-28 07:32:22,11.44,106,111,20,61.6,1.9,0,91,14,1,0,0,0,0,0,0,0,0,0,0,0,0,0,0,0,0,0,0,0,0
2026-09-28 07:32:32,10.74,106,111,20,59.2,-2.4,0,91,14,1,0,0,0,0,0,0,0,0,0,0,0,0,0,0,0,0,0,0,0,0
2026-09-28 07:32:42,10.68,106,111,20,60.5,1.3,0,91,14,1,0,0,0,0,0,0,0,0,0,0,0,0,0,0,0,0,0,0,0,0
2026-09-28 07:32:53,11.02,106,111,20,60.9,0.4,0,91,14,1,0,0,0,0,0,0,0,0,0,0,0,0,0,0,0,0,0,0,0,0
2026-09-28 07:33:03,11.04,106,111,20,56.0,-4.8,0,91,14,1,0,0,0,0,0,0,0,0,0,0,0,0,0,0,0,0,0,0,0,0
2026-09-28 07:33:13,10.94,106,111,20,56.1,0.1,0,91,14,1,0,0,0,0,0,0,0,0,0,0,0,0,0,0,0,0,0,0,0,0
2026-09-28 07:33:23,11.58,106,111,20,63.1,7.0,0,91,14,1,0,0,0,0,0,0,0,0,0,0,0,0,0,0,0,0,0,0,0,0
2026-09-28 07:33:33,11.25,106,111,20,61.3,-1.8,0,91,14,1,0,0,0,0,0,0,0,0,0,0,0,0,0,0,0,0,0,0,0,0
2026-09-28 07:33:43,10.99,106,111,20,62.0,0.7,0,91,14,1,0,0,0,0,0,0,0,0,0,0,0,0,0,0,0,0,0,0,0,0
2026-09-28 07:33:53,11.23,106,111,20,61.6,-0.3,0,91,14,1,0,0,0,0,0,0,0,0,0,0,0,0,0,0,0,0,0,0,0,0
2026-09-28 07:34:03,11.02,106,111,20,61.5,-0.2,0,91,14,1,0,0,0,0,0,0,0,0,0,0,0,0,0,0,0,0,0,0,0,0
2026-09-28 07:34:13,11.25,106,111,20,62.0,0.5,0,91,14,1,0,0,0,0,0,0,0,0,0,0,0,0,0,0,0,0,0,0,0,0
2026-09-28 07:34:23,11.31,106,111,20,65.5,3.5,0,91,14,1,0,0,0,0,0,0,0,0,0,0,0,0,0,0,0,0,0,0,0,0
2026-09-28 07:34:33,10.94,106,111,20,60.7,-4.8,0,91,14,1,0,0,0,0,0,0,0,0,0,0,0,0,0,0,0,0,0,0,0,0
2026-09-28 07:34:43,11.57,106,111,20,60.6,-0.1,0,91,14,1,0,0,0,0,0,0,0,0,0,0,0,0,0,0,0,0,0,0,0,0
2026-09-28 07:34:53,10.46,106,111,20,60.4,-0.3,0,91,14,1,0,0,0,0,0,0,0,0,0,0,0,0,0,0,0,0,0,0,0,0
2026-09-28 07:35:03,10.94,106,111,20,63.1,2.8,0,91,14,1,0,0,0,0,0,0,0,0,0,0,0,0,0,0,0,0,0,0,0,0
2026-09-28 07:35:13,11.44,106,111,20,63.2,0.1,0,91,14,1,0,0,0,0,0,0,0,0,0,0,0,0,0,0,0,0,0,0,0,0
2026-09-28 07:35:23,10.86,106,111,20,61.0,-2.2,0,91,14,1,0,0,0,0,0,0,0,0,0,0,0,0,0,0,0,0,0,0,0,0
2026-09-28 07:35:33,10.73,106,111,20,60.4,-0.7,0,91,14,1,0,0,0,0,0,0,0,0,0,0,0,0,0,0,0,0,0,0,0,0
2026-09-28 07:35:43,11.10,106,111,20,60.6,0.2,0,91,14,1,0,0,0,0,0,0,0,0,0,0,0,0,0,0,0,0,0,0,0,0
2026-09-28 07:35:53,11.41,106,111,20,61.8,1.2,0,91,14,1,0,0,0,0,0,0,0,0,0,0,0,0,0,0,0,0,0,0,0,0
2026-09-28 07:36:03,11.34,106,111,20,63.0,1.2,0,91,14,1,0,0,0,0,0,0,0,0,0,0,0,0,0,0,0,0,0,0,0,0
2026-09-28 07:36:14,10.63,106,111,20,60.8,-2.3,0,91,14,1,0,0,0,0,0,0,0,0,0,0,0,0,0,0,0,0,0,0,0,0
2026-09-28 07:36:24,10.92,106,111,20,61.9,1.1,0,91,14,1,0,0,0,0,0,0,0,0,0,0,0,0,0,0,0,0,0,0,0,0
2026-09-28 07:36:34,11.22,106,111,20,61.4,-0.5,0,91,14,1,0,0,0,0,0,0,0,0,0,0,0,0,0,0,0,0,0,0,0,0
2026-09-28 07:36:44,11.69,106,111,20,62.2,0.7,0,91,14,1,0,0,0,0,0,0,0,0,0,0,0,0,0,0,0,0,0,0,0,0
2026-09-28 07:36:54,11.05,106,111,20,63.1,0.9,0,91,14,1,0,0,0,0,0,0,0,0,0,0,0,0,0,0,0,0,0,0,0,0
2026-09-28 07:37:04,10.70,106,111,20,64.7,1.6,0,91,14,1,0,0,0,0,0,0,0,0,0,0,0,0,0,0,0,0,0,0,0,0
2026-09-28 07:37:14,10.73,106,111,20,65.7,1.0,0,91,14,1,0,0,0,0,0,0,0,0,0,0,0,0,0,0,0,0,0,0,0,0
2026-09-28 07:37:24,11.14,106,111,20,66.5,0.8,0,91,14,1,0,0,0,0,0,0,0,0,0,0,0,0,0,0,0,0,0,0,0,0
2026-09-28 07:37:34,11.03,106,111,20,67.4,1.0,0,91,14,1,0,0,0,0,0,0,0,0,0,0,0,0,0,0,0,0,0,0,0,0
2026-09-28 07:37:44,10.77,106,111,20,68.1,0.7,0,91,14,1,0,0,0,0,0,0,0,0,0,0,0,0,0,0,0,0,0,0,0,0
2026-09-28 07:37:54,10.97,106,111,20,69.1,1.0,0,91,14,1,0,0,0,0,0,0,0,0,0,0,0,0,0,0,0,0,0,0,0,0
2026-09-28 07:38:04,11.26,106,111,20,68.8,-0.3,0,91,14,1,0,0,0,0,0,0,0,0,0,0,0,0,0,0,0,0,0,0,0,0
2026-09-28 07:38:14,11.31,106,111,20,68.4,-0.4,0,91,14,1,0,0,0,0,0,0,0,0,0,0,0,0,0,0,0,0,0,0,0,0
2026-09-28 07:38:24,11.20,106,111,20,70.2,1.8,0,91,14,1,0,0,0,0,0,0,0,0,0,0,0,0,0,0,0,0,0,0,0,0
2026-09-28 07:38:34,11.01,106,111,20,69.1,-1.1,0,91,14,1,0,0,0,0,0,0,0,0,0,0,0,0,0,0,0,0,0,0,0,0
2026-09-28 07:38:44,10.98,106,111,20,69.9,0.8,0,91,14,1,0,0,0,0,0,0,0,0,0,0,0,0,0,0,0,0,0,0,0,0
2026-09-28 07:38:54,11.28,106,111,20,70.2,0.3,0,91,14,1,0,0,0,0,0,0,0,0,0,0,0,0,0,0,0,0,0,0,0,0
2026-09-28 07:39:04,10.85,106,111,20,70.5,0.3,0,91,14,1,0,0,0,0,0,0,0,0,0,0,0,0,0,0,0,0,0,0,0,0
2026-09-28 07:39:14,11.53,106,111,20,70.3,-0.2,0,91,14,1,0,0,0,0,0,0,0,0,0,0,0,0,0,0,0,0,0,0,0,0
2026-09-28 07:39:25,11.23,106,111,20,70.5,0.2,0,91,14,1,0,0,0,0,0,0,0,0,0,0,0,0,0,0,0,0,0,0,0,0
2026-09-28 07:39:35,10.39,106,111,20,70.7,0.1,0,91,14,1,0,0,0,0,0,0,0,0,0,0,0,0,0,0,0,0,0,0,0,0
2026-09-28 07:39:45,11.12,106,111,20,71.2,0.6,0,91,14,1,0,0,0,0,0,0,0,0,0,0,0,0,0,0,0,0,0,0,0,0
2026-09-28 07:39:55,11.26,106,111,20,71.5,0.3,0,91,14,1,0,0,0,0,0,0,0,0,0,0,0,0,0,0,0,0,0,0,0,0
2026-09-28 07:40:05,10.82,106,111,20,72.2,0.7,0,91,14,1,0,0,0,0,0,0,0,0,0,0,0,0,0,0,0,0,0,0,0,0
2026-09-28 07:40:15,10.58,106,111,20,71.0,-1.2,0,91,14,1,0,0,0,0,0,0,0,0,0,0,0,0,0,0,0,0,0,0,0,0
2026-09-28 07:40:25,10.52,106,111,20,72.4,1.4,0,91,14,1,0,0,0,0,0,0,0,0,0,0,0,0,0,0,0,0,0,0,0,0
2026-09-28 07:40:35,10.92,106,111,20,72.8,0.4,0,91,14,1,0,0,0,0,0,0,0,0,0,0,0,0,0,0,0,0,0,0,0,0
2026-09-28 07:40:45,11.30,106,111,20,72.4,-0.4,0,91,14,1,0,0,0,0,0,0,0,0,0,0,0,0,0,0,0,0,0,0,0,0
2026-09-28 07:40:55,10.76,106,111,20,73.5,1.1,0,91,14,1,0,0,0,0,0,0,0,0,0,0,0,0,0,0,0,0,0,0,0,0
2026-09-28 07:41:05,10.47,106,111,20,74.2,0.6,0,91,14,1,0,0,0,0,0,0,0,0,0,0,0,0,0,0,0,0,0,0,0,0
2026-09-28 07:41:15,11.26,106,111,20,74.4,0.2,0,91,14,1,0,0,0,0,0,0,0,0,0,0,0,0,0,0,0,0,0,0,0,0
2026-09-28 07:41:25,10.50,106,111,20,75.2,0.8,0,91,14,1,0,0,0,0,0,0,0,0,0,0,0,0,0,0,0,0,0,0,0,0
2026-09-28 07:41:35,10.81,106,111,20,74.8,-0.4,0,91,14,1,0,0,0,0,0,0,0,0,0,0,0,0,0,0,0,0,0,0,0,0
2026-09-28 07:41:45,10.85,106,111,20,75.0,0.2,0,91,14,1,0,0,0,0,0,0,0,0,0,0,0,0,0,0,0,0,0,0,0,0
2026-09-28 07:41:56,9.95,106,111,20,75.7,0.7,0,91,14,1,0,0,0,0,0,0,0,0,0,0,0,0,0,0,0,0,0,0,0,0
2026-09-28 07:42:06,10.98,106,111,20,75.5,-0.2,0,91,14,1,0,0,0,0,0,0,0,0,0,0,0,0,0,0,0,0,0,0,0,0
2026-09-28 07:42:16,11.09,106,111,20,76.3,0.8,0,91,14,1,0,0,0,0,0,0,0,0,0,0,0,0,0,0,0,0,0,0,0,0
2026-09-28 07:42:26,10.87,106,111,20,76.4,0.1,0,91,14,1,0,0,0,0,0,0,0,0,0,0,0,0,0,0,0,0,0,0,0,0
2026-09-28 07:42:36,10.71,106,111,20,77.0,0.6,0,91,14,1,0,0,0,0,0,0,0,0,0,0,0,0,0,0,0,0,0,0,0,0
2026-09-28 07:42:46,10.85,106,111,20,76.1,-0.8,0,91,14,1,0,0,0,0,0,0,0,0,0,0,0,0,0,0,0,0,0,0,0,0
2026-09-28 07:42:56,10.58,106,111,20,77.2,1.0,0,91,14,1,0,0,0,0,0,0,0,0,0,0,0,0,0,0,0,0,0,0,0,0
2026-09-28 07:43:06,11.14,106,111,20,76.7,-0.4,0,91,14,1,0,0,0,0,0,0,0,0,0,0,0,0,0,0,0,0,0,0,0,0
2026-09-28 07:43:16,10.51,106,111,20,74.4,-2.3,0,91,14,1,0,0,0,0,0,0,0,0,0,0,0,0,0,0,0,0,0,0,0,0
2026-09-28 07:43:26,10.73,106,111,20,75.5,1.0,0,91,14,1,0,0,0,0,0,0,0,0,0,0,0,0,0,0,0,0,0,0,0,0
2026-09-28 07:43:36,11.00,106,111,20,77.2,1.7,0,91,14,1,0,0,0,0,0,0,0,0,0,0,0,0,0,0,0,0,0,0,0,0
2026-09-28 07:43:46,11.72,106,111,20,75.0,-2.3,0,91,14,1,0,0,0,0,0,0,0,0,0,0,0,0,0,0,0,0,0,0,0,0
2026-09-28 07:43:56,11.13,106,111,20,80.0,5.1,0,91,14,1,0,0,0,0,0,0,0,0,0,0,0,0,0,0,0,0,0,0,0,0
2026-09-28 07:44:06,10.80,106,111,20,76.5,-3.5,0,91,14,1,0,0,0,0,0,0,0,0,0,0,0,0,0,0,0,0,0,0,0,0
2026-09-28 07:44:16,11.07,106,111,20,76.8,0.3,0,91,14,1,0,0,0,0,0,0,0,0,0,0,0,0,0,0,0,0,0,0,0,0
2026-09-28 07:44:26,11.03,106,111,20,80.7,3.9,0,91,14,1,0,0,0,0,0,0,0,0,0,0,0,0,0,0,0,0,0,0,0,0
2026-09-28 07:44:36,11.19,106,111,20,77.1,-3.6,0,91,14,1,0,0,0,0,0,0,0,0,0,0,0,0,0,0,0,0,0,0,0,0
2026-09-28 07:44:46,10.91,106,111,20,77.9,0.9,0,91,14,1,0,0,0,0,0,0,0,0,0,0,0,0,0,0,0,0,0,0,0,0
2026-09-28 07:44:57,11.23,106,111,20,79.3,1.4,0,91,14,1,0,0,0,0,0,0,0,0,0,0,0,0,0,0,0,0,0,0,0,0
2026-09-28 07:45:07,10.66,106,111,20,79.3,0.0,0,91,14,1,0,0,0,0,0,0,0,0,0,0,0,0,0,0,0,0,0,0,0,0
2026-09-28 07:45:17,11.23,106,111,20,78.7,-0.6,0,91,14,1,0,0,0,0,0,0,0,0,0,0,0,0,0,0,0,0,0,0,0,0
2026-09-28 07:45:27,11.69,106,111,20,78.9,0.2,0,91,14,1,0,0,0,0,0,0,0,0,0,0,0,0,0,0,0,0,0,0,0,0
2026-09-28 07:45:37,11.54,106,111,20,79.6,0.6,0,91,14,1,0,0,0,0,0,0,0,0,0,0,0,0,0,0,0,0,0,0,0,0
2026-09-28 07:45:47,10.85,106,111,20,82.5,3.0,0,91,14,1,0,0,0,0,0,0,0,0,0,0,0,0,0,0,0,0,0,0,0,0
2026-09-28 07:45:57,10.46,106,111,20,82.8,0.3,0,91,14,1,0,0,0,0,0,0,0,0,0,0,0,0,0,0,0,0,0,0,0,0
2026-09-28 07:46:07,11.04,106,111,20,82.4,-0.4,0,91,14,1,0,0,0,0,0,0,0,0,0,0,0,0,0,0,0,0,0,0,0,0
2026-09-28 07:46:17,10.78,106,111,20,82.8,0.3,0,91,14,1,0,0,0,0,0,0,0,0,0,0,0,0,0,0,0,0,0,0,0,0
2026-09-28 07:46:27,11.14,106,111,20,79.7,-3.0,0,91,14,1,0,0,0,0,0,0,0,0,0,0,0,0,0,0,0,0,0,0,0,0
2026-09-28 07:46:37,11.30,106,111,20,80.9,1.2,0,91,14,1,0,0,0,0,0,0,0,0,0,0,0,0,0,0,0,0,0,0,0,0
2026-09-28 07:46:47,10.65,106,111,20,81.1,0.2,0,91,14,1,0,0,0,0,0,0,0,0,0,0,0,0,0,0,0,0,0,0,0,0
2026-09-28 07:46:57,11.25,106,111,20,81.6,0.4,0,91,14,1,0,0,0,0,0,0,0,0,0,0,0,0,0,0,0,0,0,0,0,0
2026-09-28 07:47:07,11.07,106,111,20,69.0,-12.5,0,91,14,1,0,0,0,0,0,0,0,0,0,0,0,0,0,0,0,0,0,0,0,0
2026-09-28 07:47:17,11.48,106,111,20,81.2,12.2,0,91,14,1,0,0,0,0,0,0,0,0,0,0,0,0,0,0,0,0,0,0,0,0
2026-09-28 07:47:27,11.11,106,111,20,79.9,-1.3,0,91,14,1,0,0,0,0,0,0,0,0,0,0,0,0,0,0,0,0,0,0,0,0
2026-09-28 07:47:38,11.69,106,111,20,82.2,2.3,0,91,14,1,0,0,0,0,0,0,0,0,0,0,0,0,0,0,0,0,0,0,0,0
2026-09-28 07:47:48,11.59,106,111,20,77.6,-4.6,0,91,14,1,0,0,0,0,0,0,0,0,0,0,0,0,0,0,0,0,0,0,0,0
2026-09-28 07:47:58,11.02,106,111,20,82.3,4.7,0,91,14,1,0,0,0,0,0,0,0,0,0,0,0,0,0,0,0,0,0,0,0,0
2026-09-28 07:48:08,10.77,106,111,20,82.3,-0.0,0,91,14,1,0,0,0,0,0,0,0,0,0,0,0,0,0,0,0,0,0,0,0,0
2026-09-28 07:48:18,10.87,106,111,20,83.4,1.1,0,91,14,1,0,0,0,0,0,0,0,0,0,0,0,0,0,0,0,0,0,0,0,0
2026-09-28 07:48:28,11.21,106,111,20,83.4,0.1,0,91,14,1,0,0,0,0,0,0,0,0,0,0,0,0,0,0,0,0,0,0,0,0
2026-09-28 07:48:38,11.38,106,111,20,84.3,0.9,0,91,14,1,0,0,0,0,0,0,0,0,0,0,0,0,0,0,0,0,0,0,0,0
2026-09-28 07:48:48,10.79,106,111,20,84.8,0.5,0,91,14,1,0,0,0,0,0,0,0,0,0,0,0,0,0,0,0,0,0,0,0,0
2026-09-28 07:48:58,11.32,106,111,20,83.6,-1.3,0,91,14,1,0,0,0,0,0,0,0,0,0,0,0,0,0,0,0,0,0,0,0,0
2026-09-28 07:49:08,10.97,106,111,20,84.0,0.4,0,91,14,1,0,0,0,0,0,0,0,0,0,0,0,0,0,0,0,0,0,0,0,0
2026-09-28 07:49:18,10.57,106,111,20,83.0,-0.9,0,91,14,1,0,0,0,0,0,0,0,0,0,0,0,0,0,0,0,0,0,0,0,0
2026-09-28 07:49:28,10.80,106,111,20,83.4,0.3,0,91,14,1,0,0,0,0,0,0,0,0,0,0,0,0,0,0,0,0,0,0,0,0
2026-09-28 07:49:38,10.98,106,111,20,84.3,0.9,0,91,14,1,0,0,0,0,0,0,0,0,0,0,0,0,0,0,0,0,0,0,0,0
2026-09-28 07:49:48,10.74,106,111,20,84.7,0.4,0,91,14,1,0,0,0,0,0,0,0,0,0,0,0,0,0,0,0,0,0,0,0,0
2026-09-28 07:49:58,11.45,106,111,20,84.2,-0.6,0,91,14,1,0,0,0,0,0,0,0,0,0,0,0,0,0,0,0,0,0,0,0,0
2026-09-28 07:50:08,11.10,106,111,20,90.1,5.9,0,91,14,1,0,0,0,0,0,0,0,0,0,0,0,0,0,0,0,0,0,0,0,0
2026-09-28 07:50:18,11.10,106,111,20,86.6,-3.5,0,91,14,1,0,0,0,0,0,0,0,0,0,0,0,0,0,0,0,0,0,0,0,0
2026-09-28 07:50:28,11.28,106,111,20,87.6,1.0,0,91,14,1,0,0,0,0,0,0,0,0,0,0,0,0,0,0,0,0,0,0,0,0
2026-09-28 07:50:38,10.98,106,111,20,77.0,-10.6,0,91,14,1,0,0,0,0,0,0,0,0,0,0,0,0,0,0,0,0,0,0,0,0
2026-09-28 07:50:48,11.36,106,111,20,88.8,11.7,0,91,14,1,0,0,0,0,0,0,0,0,0,0,0,0,0,0,0,0,0,0,0,0
2026-09-28 07:50:59,11.67,106,111,20,88.2,-0.5,0,91,14,1,0,0,0,0,0,0,0,0,0,0,0,0,0,0,0,0,0,0,0,0
2026-09-28 07:51:09,11.17,106,111,20,85.1,-3.1,0,91,14,1,0,0,0,0,0,0,0,0,0,0,0,0,0,0,0,0,0,0,0,0
2026-09-28 07:51:19,11.78,106,111,20,88.3,3.2,0,91,14,1,0,0,0,0,0,0,0,0,0,0,0,0,0,0,0,0,0,0,0,0
2026-09-28 07:51:29,11.47,106,111,20,86.6,-1.7,0,91,14,1,0,0,0,0,0,0,0,0,0,0,0,0,0,0,0,0,0,0,0,0
2026-09-28 07:51:39,10.76,106,111,20,88.0,1.4,0,91,14,1,0,0,0,0,0,0,0,0,0,0,0,0,0,0,0,0,0,0,0,0
2026-09-28 07:51:49,11.04,106,111,20,87.0,-1.0,0,91,14,1,0,0,0,0,0,0,0,0,0,0,0,0,0,0,0,0,0,0,0,0
2026-09-28 07:51:59,11.50,106,111,20,89.8,2.8,0,91,14,1,0,0,0,0,0,0,0,0,0,0,0,0,0,0,0,0,0,0,0,0
2026-09-28 07:52:09,14.42,106,111,20,87.2,-2.6,0,91,14,1,0,0,0,0,0,0,0,0,0,0,0,0,0,0,0,0,0,0,0,0
2026-09-28 07:52:19,14.54,106,111,20,89.3,2.1,0,91,14,1,0,0,0,0,0,0,0,0,0,0,0,0,0,0,0,0,0,0,0,0
2026-09-28 07:52:29,13.76,106,111,20,81.9,-7.4,0,91,14,1,0,0,0,0,0,0,0,0,0,0,0,0,0,0,0,0,0,0,0,0
2026-09-28 07:52:39,15.03,106,111,20,88.6,6.7,0,91,14,1,0,0,0,0,0,0,0,0,0,0,0,0,0,0,0,0,0,0,0,0
2026-09-28 07:52:49,14.85,106,111,20,89.5,0.9,0,91,14,1,0,0,0,0,0,0,0,0,0,0,0,0,0,0,0,0,0,0,0,0
2026-09-28 07:52:59,14.62,106,111,20,90.1,0.5,0,91,14,1,0,0,0,0,0,0,0,0,0,0,0,0,0,0,0,0,0,0,0,0
2026-09-28 07:53:09,10.77,106,111,20,92.3,2.2,0,91,14,1,0,0,0,0,0,0,0,0,0,0,0,0,0,0,0,0,0,0,0,0
2026-09-28 07:53:19,10.78,106,111,20,88.5,-3.8,0,91,14,1,0,0,0,0,0,0,0,0,0,0,0,0,0,0,0,0,0,0,0,0
2026-09-28 07:53:29,11.16,106,111,20,87.9,-0.6,0,91,14,1,0,0,0,0,0,0,0,0,0,0,0,0,0,0,0,0,0,0,0,0
2026-09-28 07:53:39,11.46,106,111,20,88.0,0.2,0,91,14,1,0,0,0,0,0,0,0,0,0,0,0,0,0,0,0,0,0,0,0,0
2026-09-28 07:53:49,11.27,106,111,20,81.8,-6.3,0,91,14,1,0,0,0,0,0,0,0,0,0,0,0,0,0,0,0,0,0,0,0,0
2026-09-28 07:53:59,11.17,106,111,20,85.4,3.7,0,91,14,1,0,0,0,0,0,0,0,0,0,0,0,0,0,0,0,0,0,0,0,0
2026-09-28 07:54:09,10.67,106,111,20,84.3,-1.1,0,91,14,1,0,0,0,0,0,0,0,0,0,0,0,0,0,0,0,0,0,0,0,0
2026-09-28 07:54:19,11.07,106,111,20,83.1,-1.2,0,91,14,1,0,0,0,0,0,0,0,0,0,0,0,0,0,0,0,0,0,0,0,0
2026-09-28 07:54:29,11.16,106,111,20,84.2,1.1,0,91,14,1,0,0,0,0,0,0,0,0,0,0,0,0,0,0,0,0,0,0,0,0
2026-09-28 07:54:39,10.68,106,111,20,84.6,0.4,0,91,14,1,0,0,0,0,0,0,0,0,0,0,0,0,0,0,0,0,0,0,0,0
2026-09-28 07:54:49,10.43,106,111,20,88.8,4.2,0,91,14,1,0,0,0,0,0,0,0,0,0,0,0,0,0,0,0,0,0,0,0,0
2026-09-28 07:55:00,11.00,106,111,20,91.3,2.5,0,91,14,1,0,0,0,0,0,0,0,0,0,0,0,0,0,0,0,0,0,0,0,0
2026-09-28 07:55:10,11.45,106,111,20,92.2,0.9,0,91,14,1,0,0,0,0,0,0,0,0,0,0,0,0,0,0,0,0,0,0,0,0
2026-09-28 07:55:20,11.17,106,111,20,92.3,0.1,0,91,14,1,0,0,0,0,0,0,0,0,0,0,0,0,0,0,0,0,0,0,0,0
2026-09-28 07:55:30,11.32,106,111,20,92.9,0.6,0,91,14,1,0,0,0,0,0,0,0,0,0,0,0,0,0,0,0,0,0,0,0,0
2026-09-28 07:55:40,10.98,106,111,20,93.9,1.0,0,91,14,1,0,0,0,0,0,0,0,0,0,0,0,0,0,0,0,0,0,0,0,0
2026-09-28 07:55:50,10.67,106,111,20,92.6,-1.3,0,91,14,1,0,0,0,0,0,0,0,0,0,0,0,0,0,0,0,0,0,0,0,0
2026-09-28 07:56:00,11.05,106,111,20,92.6,0.0,0,91,14,1,0,0,0,0,0,0,0,0,0,0,0,0,0,0,0,0,0,0,0,0
2026-09-28 07:56:10,11.40,106,111,20,93.4,0.8,0,91,14,1,0,0,0,0,0,0,0,0,0,0,0,0,0,0,0,0,0,0,0,0
2026-09-28 07:56:20,10.98,106,111,20,94.5,1.1,0,91,14,1,0,0,0,0,0,0,0,0,0,0,0,0,0,0,0,0,0,0,0,0
2026-09-28 07:56:30,11.51,106,111,20,95.0,0.4,0,91,14,1,0,0,0,0,0,0,0,0,0,0,0,0,0,0,0,0,0,0,0,0
2026-09-28 07:56:40,10.67,106,111,20,99.1,4.2,0,91,14,1,0,0,0,0,0,0,0,0,0,0,0,0,0,0,0,0,0,0,0,0
2026-09-28 07:56:50,10.90,106,111,20,99.7,0.5,0,91,14,1,0,0,0,0,0,0,0,0,0,0,0,0,0,0,0,0,0,0,0,0
2026-09-28 07:57:00,11.80,106,111,20,91.6,-8.1,0,91,14,1,0,0,0,0,0,0,0,0,0,0,0,0,0,0,0,0,0,0,0,0
2026-09-28 07:57:10,10.81,106,111,20,92.7,1.1,0,91,14,1,0,0,0,0,0,0,0,0,0,0,0,0,0,0,0,0,0,0,0,0
2026-09-28 07:57:20,10.89,106,111,20,97.6,4.8,0,91,14,1,0,0,0,0,0,0,0,0,0,0,0,0,0,0,0,0,0,0,0,0
2026-09-28 07:57:30,11.35,106,111,20,98.8,1.3,0,91,14,1,0,0,0,0,0,0,0,0,0,0,0,0,0,0,0,0,0,0,0,0
2026-09-28 07:57:40,14.50,106,111,20,98.6,-0.3,0,91,14,1,0,0,0,0,0,0,0,0,0,0,0,0,0,0,0,0,0,0,0,0
2026-09-28 07:57:50,13.79,106,111,20,97.6,-1.0,0,91,14,1,0,0,0,0,0,0,0,0,0,0,0,0,0,0,0,0,0,0,0,0
2026-09-28 07:58:00,14.08,106,111,20,102.4,4.8,0,91,14,1,0,0,0,0,0,0,0,0,0,0,0,0,0,0,0,0,0,0,0,0
2026-09-28 07:58:10,14.21,106,111,20,97.9,-4.5,0,91,14,1,0,0,0,0,0,0,0,0,0,0,0,0,0,0,0,0,0,0,0,0
2026-09-28 07:58:21,14.30,106,111,20,99.0,1.0,0,91,14,1,0,0,0,0,0,0,0,0,0,0,0,0,0,0,0,0,0,0,0,0
2026-09-28 07:58:31,13.80,106,111,20,100.1,1.1,0,91,14,1,0,0,0,0,0,0,0,0,0,0,0,0,0,0,0,0,0,0,0,0
2026-09-28 07:58:41,14.51,106,111,20,98.4,-1.7,0,91,14,1,0,0,0,0,0,0,0,0,0,0,0,0,0,0,0,0,0,0,0,0
2026-09-28 07:58:51,14.11,106,111,20,98.0,-0.3,0,91,14,1,0,0,0,0,0,0,0,0,0,0,0,0,0,0,0,0,0,0,0,0
2026-09-28 07:59:01,14.48,106,111,20,80.9,-17.1,0,91,14,1,0,0,0,0,0,0,0,0,0,0,0,0,0,0,0,0,0,0,0,0
2026-09-28 07:59:11,14.68,106,111,20,83.1,2.1,0,91,14,1,0,0,0,0,0,0,0,0,0,0,0,0,0,0,0,0,0,0,0,0
2026-09-28 07:59:21,14.20,106,111,20,81.0,-2.1,0,91,14,1,0,0,0,0,0,0,0,0,0,0,0,0,0,0,0,0,0,0,0,0
2026-09-28 07:59:31,10.64,106,111,20,84.6,3.6,0,91,14,1,0,0,0,0,0,0,0,0,0,0,0,0,0,0,0,0,0,0,0,0
2026-09-28 07:59:41,10.79,106,111,20,84.3,-0.3,0,91,14,1,0,0,0,0,0,0,0,0,0,0,0,0,0,0,0,0,0,0,0,0
2026-09-28 07:59:51,12.92,106,111,20,81.5,-2.8,0,91,14,1,0,0,0,0,0,0,0,0,0,0,0,0,0,0,0,0,0,0,0,0
2026-09-28 08:00:01,15.14,106,111,20,81.1,-0.4,0,91,14,1,0,0,0,0,0,0,0,0,0,0,0,0,0,0,0,0,0,0,0,0
2026-09-28 08:00:11,13.79,106,111,20,80.9,-0.2,0,91,14,1,0,0,0,0,0,0,0,0,0,0,0,0,0,0,0,0,0,0,0,0
2026-09-28 08:00:21,10.46,106,111,20,84.3,3.4,0,91,14,1,0,0,0,0,0,0,0,0,0,0,0,0,0,0,0,0,0,0,0,0
2026-09-28 08:00:31,10.78,106,111,20,85.2,0.9,0,91,14,1,0,0,0,0,0,0,0,0,0,0,0,0,0,0,0,0,0,0,0,0
2026-09-28 08:00:41,10.57,106,111,20,85.1,-0.0,0,91,14,1,0,0,0,0,0,0,0,0,0,0,0,0,0,0,0,0,0,0,0,0
2026-09-28 08:00:51,13.97,106,111,20,84.4,-0.7,0,91,14,1,0,0,0,0,0,0,0,0,0,0,0,0,0,0,0,0,0,0,0,0
2026-09-28 08:01:01,11.27,106,111,20,87.9,3.5,0,91,14,1,0,0,0,0,0,0,0,0,0,0,0,0,0,0,0,0,0,0,0,0
2026-09-28 08:01:12,11.31,106,111,20,86.2,-1.8,0,91,14,1,0,0,0,0,0,0,0,0,0,0,0,0,0,0,0,0,0,0,0,0
2026-09-28 08:01:22,10.71,106,111,20,86.8,0.6,0,91,14,1,0,0,0,0,0,0,0,0,0,0,0,0,0,0,0,0,0,0,0,0
2026-09-28 08:01:32,14.90,106,111,20,83.3,-3.5,0,91,14,1,0,0,0,0,0,0,0,0,0,0,0,0,0,0,0,0,0,0,0,0
2026-09-28 08:01:42,11.09,106,111,20,87.3,3.9,0,91,14,1,0,0,0,0,0,0,0,0,0,0,0,0,0,0,0,0,0,0,0,0
2026-09-28 08:01:52,11.05,106,111,20,82.6,-4.7,0,91,14,1,0,0,0,0,0,0,0,0,0,0,0,0,0,0,0,0,0,0,0,0
2026-09-28 08:02:02,11.35,106,111,20,82.5,-0.1,0,91,14,1,0,0,0,0,0,0,0,0,0,0,0,0,0,0,0,0,0,0,0,0
2026-09-28 08:02:12,11.30,106,111,20,83.0,0.5,0,91,14,1,0,0,0,0,0,0,0,0,0,0,0,0,0,0,0,0,0,0,0,0
2026-09-28 08:02:22,10.95,106,111,20,83.8,0.7,0,91,14,1,0,0,0,0,0,0,0,0,0,0,0,0,0,0,0,0,0,0,0,0
2026-09-28 08:02:32,10.52,106,111,20,86.6,2.9,0,91,14,1,0,0,0,0,0,0,0,0,0,0,0,0,0,0,0,0,0,0,0,0
2026-09-28 08:02:42,11.06,106,111,20,72.9,-13.7,0,91,14,1,0,0,0,0,0,0,0,0,0,0,0,0,0,0,0,0,0,0,0,0
2026-09-28 08:02:52,11.04,106,111,20,78.5,5.5,0,91,14,1,0,0,0,0,0,0,0,0,0,0,0,0,0,0,0,0,0,0,0,0
2026-09-28 08:03:02,10.89,106,111,20,76.1,-2.4,0,91,14,1,0,0,0,0,0,0,0,0,0,0,0,0,0,0,0,0,0,0,0,0
2026-09-28 08:03:12,10.89,106,111,20,79.7,3.6,0,91,14,1,0,0,0,0,0,0,0,0,0,0,0,0,0,0,0,0,0,0,0,0
2026-09-28 08:03:22,10.64,106,111,20,80.3,0.6,0,91,14,1,0,0,0,0,0,0,0,0,0,0,0,0,0,0,0,0,0,0,0,0
2026-09-28 08:03:32,10.82,106,111,20,80.9,0.6,0,91,14,1,0,0,0,0,0,0,0,0,0,0,0,0,0,0,0,0,0,0,0,0
2026-09-28 08:03:42,10.82,106,111,20,80.7,-0.2,0,91,14,1,0,0,0,0,0,0,0,0,0,0,0,0,0,0,0,0,0,0,0,0
2026-09-28 08:03:52,10.72,106,111,20,81.1,0.4,0,91,14,1,0,0,0,0,0,0,0,0,0,0,0,0,0,0,0,0,0,0,0,0
2026-09-28 08:04:02,10.70,106,111,20,80.7,-0.4,0,91,14,1,0,0,0,0,0,0,0,0,0,0,0,0,0,0,0,0,0,0,0,0
2026-09-28 08:04:12,11.19,106,111,20,80.0,-0.7,0,91,14,1,0,0,0,0,0,0,0,0,0,0,0,0,0,0,0,0,0,0,0,0
2026-09-28 08:04:23,14.60,106,111,20,81.8,1.7,0,91,14,1,0,0,0,0,0,0,0,0,0,0,0,0,0,0,0,0,0,0,0,0
2026-09-28 08:04:33,14.61,106,111,20,80.6,-1.1,0,91,14,1,0,0,0,0,0,0,0,0,0,0,0,0,0,0,0,0,0,0,0,0
2026-09-28 08:04:43,10.91,106,111,20,84.1,3.5,0,91,14,1,0,0,0,0,0,0,0,0,0,0,0,0,0,0,0,0,0,0,0,0
2026-09-28 08:04:53,10.83,106,111,20,83.9,-0.3,0,91,14,1,0,0,0,0,0,0,0,0,0,0,0,0,0,0,0,0,0,0,0,0
2026-09-28 08:05:03,11.19,106,111,20,84.9,1.1,0,91,14,1,0,0,0,0,0,0,0,0,0,0,0,0,0,0,0,0,0,0,0,0
2026-09-28 08:05:13,10.67,106,111,20,80.7,-4.3,0,91,14,1,0,0,0,0,0,0,0,0,0,0,0,0,0,0,0,0,0,0,0,0
2026-09-28 08:05:23,11.52,106,111,20,78.2,-2.5,0,91,14,1,0,0,0,0,0,0,0,0,0,0,0,0,0,0,0,0,0,0,0,0
2026-09-28 08:05:33,11.03,105,111,21,81.2,3.0,0,91,14,0,0,0,0,0,0,0,0,0,0,0,0,0,0,0,0,0,0,0,0,0
2026-09-28 08:05:43,11.47,105,111,21,81.6,0.5,0,91,14,0,0,0,0,0,0,0,0,0,0,0,0,0,0,0,0,0,0,0,0,0
2026-09-28 08:05:53,10.62,105,111,21,78.6,-3.0,0,91,14,0,0,0,0,0,0,0,0,0,0,0,0,0,0,0,0,0,0,0,0,0
2026-09-28 08:06:03,10.47,105,111,21,78.7,0.1,0,91,14,0,0,0,0,0,0,0,0,0,0,0,0,0,0,0,0,0,0,0,0,0
2026-09-28 08:06:13,11.30,105,111,21,79.9,1.2,0,91,14,0,0,0,0,0,0,0,0,0,0,0,0,0,0,0,0,0,0,0,0,0
2026-09-28 08:06:23,10.80,105,111,21,84.2,4.3,0,91,14,0,0,0,0,0,0,0,0,0,0,0,0,0,0,0,0,0,0,0,0,0
2026-09-28 08:06:33,10.80,105,111,21,88.2,4.0,0,91,14,0,0,0,0,0,0,0,0,0,0,0,0,0,0,0,0,0,0,0,0,0
2026-09-28 08:06:43,10.69,105,111,21,87.3,-0.9,0,91,14,0,0,0,0,0,0,0,0,0,0,0,0,0,0,0,0,0,0,0,0,0
2026-09-28 08:06:53,10.66,105,111,21,87.3,-0.0,0,91,14,0,0,0,0,0,0,0,0,0,0,0,0,0,0,0,0,0,0,0,0,0
2026-09-28 08:07:03,10.68,105,111,21,89.7,2.4,0,91,14,0,0,0,0,0,0,0,0,0,0,0,0,0,0,0,0,0,0,0,0,0
2026-09-28 08:07:13,11.34,105,111,21,84.6,-5.1,0,91,14,0,0,0,0,0,0,0,0,0,0,0,0,0,0,0,0,0,0,0,0,0
2026-09-28 08:07:23,10.69,105,111,21,81.1,-3.5,0,91,14,0,0,0,0,0,0,0,0,0,0,0,0,0,0,0,0,0,0,0,0,0
2026-09-28 08:07:33,10.59,105,111,21,86.2,5.1,0,91,14,0,0,0,0,0,0,0,0,0,0,0,0,0,0,0,0,0,0,0,0,0
2026-09-28 08:07:44,11.17,105,111,21,87.3,1.1,0,91,14,0,0,0,0,0,0,0,0,0,0,0,0,0,0,0,0,0,0,0,0,0
2026-09-28 08:07:54,10.99,105,111,21,88.4,1.1,0,91,14,0,0,0,0,0,0,0,0,0,0,0,0,0,0,0,0,0,0,0,0,0
2026-09-28 08:08:04,11.78,105,111,21,89.4,1.0,0,91,14,0,0,0,0,0,0,0,0,0,0,0,0,0,0,0,0,0,0,0,0,0
2026-09-28 08:08:14,10.52,105,111,21,89.5,0.1,0,91,14,0,0,0,0,0,0,0,0,0,0,0,0,0,0,0,0,0,0,0,0,0
2026-09-28 08:08:24,10.81,105,111,21,89.6,0.2,0,91,14,0,0,0,0,0,0,0,0,0,0,0,0,0,0,0,0,0,0,0,0,0
2026-09-28 08:08:34,10.92,105,111,21,88.6,-1.0,0,91,14,0,0,0,0,0,0,0,0,0,0,0,0,0,0,0,0,0,0,0,0,0
2026-09-28 08:08:44,10.47,105,111,21,88.7,0.1,0,91,14,0,0,0,0,0,0,0,0,0,0,0,0,0,0,0,0,0,0,0,0,0
2026-09-28 08:08:54,11.23,105,111,21,89.4,0.6,0,91,14,0,0,0,0,0,0,0,0,0,0,0,0,0,0,0,0,0,0,0,0,0
2026-09-28 08:09:04,11.04,105,111,21,89.4,0.1,0,91,14,0,0,0,0,0,0,0,0,0,0,0,0,0,0,0,0,0,0,0,0,0
2026-09-28 08:09:14,10.99,105,111,21,90.0,0.5,0,91,14,0,0,0,0,0,0,0,0,0,0,0,0,0,0,0,0,0,0,0,0,0
2026-09-28 08:09:24,11.16,105,111,21,89.7,-0.2,0,91,14,0,0,0,0,0,0,0,0,0,0,0,0,0,0,0,0,0,0,0,0,0
2026-09-28 08:09:34,10.57,105,111,21,92.5,2.8,0,91,14,0,0,0,0,0,0,0,0,0,0,0,0,0,0,0,0,0,0,0,0,0
2026-09-28 08:09:44,11.26,105,111,21,92.2,-0.4,0,91,14,0,0,0,0,0,0,0,0,0,0,0,0,0,0,0,0,0,0,0,0,0
2026-09-28 08:09:54,11.18,105,111,21,91.6,-0.6,0,91,14,0,0,0,0,0,0,0,0,0,0,0,0,0,0,0,0,0,0,0,0,0
2026-09-28 08:10:04,10.70,105,111,21,90.3,-1.2,0,91,14,0,0,0,0,0,0,0,0,0,0,0,0,0,0,0,0,0,0,0,0,0
2026-09-28 08:10:14,10.80,105,111,21,89.8,-0.5,0,91,14,0,0,0,0,0,0,0,0,0,0,0,0,0,0,0,0,0,0,0,0,0
2026-09-28 08:10:24,10.87,105,111,21,95.3,5.4,0,91,14,0,0,0,0,0,0,0,0,0,0,0,0,0,0,0,0,0,0,0,0,0
2026-09-28 08:10:34,14.56,105,111,21,95.3,0.0,0,91,14,0,0,0,0,0,0,0,0,0,0,0,0,0,0,0,0,0,0,0,0,0
2026-09-28 08:10:44,10.74,105,111,21,99.1,3.8,0,91,14,0,0,0,0,0,0,0,0,0,0,0,0,0,0,0,0,0,0,0,0,0
2026-09-28 08:10:54,10.70,105,111,21,95.8,-3.3,0,91,14,0,0,0,0,0,0,0,0,0,0,0,0,0,0,0,0,0,0,0,0,0
2026-09-28 08:11:04,10.36,105,111,21,94.2,-1.6,0,91,14,0,0,0,0,0,0,0,0,0,0,0,0,0,0,0,0,0,0,0,0,0
2026-09-28 08:11:14,11.36,105,111,21,96.9,2.7,0,91,14,0,0,0,0,0,0,0,0,0,0,0,0,0,0,0,0,0,0,0,0,0
2026-09-28 08:11:25,10.62,105,111,21,97.3,0.4,0,91,14,0,0,0,0,0,0,0,0,0,0,0,0,0,0,0,0,0,0,0,0,0
2026-09-28 08:11:35,10.52,105,111,21,91.6,-5.7,0,91,14,0,0,0,0,0,0,0,0,0,0,0,0,0,0,0,0,0,0,0,0,0
2026-09-28 08:11:45,10.58,105,111,21,117.1,25.5,0,91,14,0,0,0,0,0,0,0,0,0,0,0,0,0,0,0,0,0,0,0,0,0
2026-09-28 08:11:55,10.77,105,111,21,117.9,0.7,0,91,14,0,0,0,0,0,0,0,0,0,0,0,0,0,0,0,0,0,0,0,0,0
2026-09-28 08:12:05,10.37,105,111,21,118.9,1.0,0,91,14,0,0,0,0,0,0,0,0,0,0,0,0,0,0,0,0,0,0,0,0,0
2026-09-28 08:12:15,10.55,105,111,21,119.1,0.3,0,91,14,0,0,0,0,0,0,0,0,0,0,0,0,0,0,0,0,0,0,0,0,0
2026-09-28 08:12:25,10.96,105,111,21,118.9,-0.2,0,91,14,0,0,0,0,0,0,0,0,0,0,0,0,0,0,0,0,0,0,0,0,0
2026-09-28 08:12:35,11.17,105,111,21,119.4,0.5,0,91,14,0,0,0,0,0,0,0,0,0,0,0,0,0,0,0,0,0,0,0,0,0
2026-09-28 08:12:45,10.48,105,111,21,119.5,0.1,0,91,14,0,0,0,0,0,0,0,0,0,0,0,0,0,0,0,0,0,0,0,0,0
2026-09-28 08:12:55,10.84,105,111,21,119.7,0.2,0,91,14,0,0,0,0,0,0,0,0,0,0,0,0,0,0,0,0,0,0,0,0,0
2026-09-28 08:13:05,11.36,105,111,21,119.4,-0.3,0,91,14,0,0,0,0,0,0,0,0,0,0,0,0,0,0,0,0,0,0,0,0,0
2026-09-28 08:13:15,10.90,105,111,21,119.7,0.3,0,91,14,0,0,0,0,0,0,0,0,0,0,0,0,0,0,0,0,0,0,0,0,0
2026-09-28 08:13:25,10.99,105,111,21,119.7,0.0,0,91,14,0,0,0,0,0,0,0,0,0,0,0,0,0,0,0,0,0,0,0,0,0
2026-09-28 08:13:35,10.59,105,111,21,118.9,-0.8,0,91,14,0,0,0,0,0,0,0,0,0,0,0,0,0,0,0,0,0,0,0,0,0
2026-09-28 08:13:45,10.81,105,111,21,119.5,0.6,0,91,14,0,0,0,0,0,0,0,0,0,0,0,0,0,0,0,0,0,0,0,0,0
2026-09-28 08:13:55,10.62,105,111,21,119.9,0.4,0,91,14,0,0,0,0,0,0,0,0,0,0,0,0,0,0,0,0,0,0,0,0,0
2026-09-28 08:14:05,10.72,105,111,21,119.9,0.0,0,91,14,0,0,0,0,0,0,0,0,0,0,0,0,0,0,0,0,0,0,0,0,0
2026-09-28 08:14:15,10.30,105,111,21,120.3,0.4,0,91,14,0,0,0,0,0,0,0,0,0,0,0,0,0,0,0,0,0,0,0,0,0
2026-09-28 08:14:26,10.40,105,111,21,121.6,1.3,0,91,14,0,0,0,0,0,0,0,0,0,0,0,0,0,0,0,0,0,0,0,0,0
2026-09-28 08:14:36,10.78,105,111,21,122.7,1.1,0,91,14,0,0,0,0,0,0,0,0,0,0,0,0,0,0,0,0,0,0,0,0,0
2026-09-28 08:14:46,10.88,105,111,21,122.6,-0.1,0,91,14,0,0,0,0,0,0,0,0,0,0,0,0,0,0,0,0,0,0,0,0,0
2026-09-28 08:14:56,11.28,105,111,21,123.4,0.8,0,91,14,0,0,0,0,0,0,0,0,0,0,0,0,0,0,0,0,0,0,0,0,0
2026-09-28 08:15:06,10.80,105,111,21,124.5,1.1,0,91,14,0,0,0,0,0,0,0,0,0,0,0,0,0,0,0,0,0,0,0,0,0
2026-09-28 08:15:16,11.01,105,111,21,124.4,-0.1,0,91,14,0,0,0,0,0,0,0,0,0,0,0,0,0,0,0,0,0,0,0,0,0
2026-09-28 08:15:26,11.41,105,111,21,124.8,0.4,0,91,14,0,0,0,0,0,0,0,0,0,0,0,0,0,0,0,0,0,0,0,0,0
2026-09-28 08:15:36,11.15,105,111,21,125.0,0.2,0,91,14,0,0,0,0,0,0,0,0,0,0,0,0,0,0,0,0,0,0,0,0,0
2026-09-28 08:15:46,11.27,105,111,21,124.0,-1.0,0,91,14,0,0,0,0,0,0,0,0,0,0,0,0,0,0,0,0,0,0,0,0,0
2026-09-28 08:15:56,11.16,105,111,21,123.3,-0.7,0,91,14,0,0,0,0,0,0,0,0,0,0,0,0,0,0,0,0,0,0,0,0,0
2026-09-28 08:16:06,10.76,105,111,21,124.2,0.9,0,91,14,0,0,0,0,0,0,0,0,0,0,0,0,0,0,0,0,0,0,0,0,0
2026-09-28 08:16:16,10.91,105,111,21,124.1,-0.2,0,91,14,0,0,0,0,0,0,0,0,0,0,0,0,0,0,0,0,0,0,0,0,0
2026-09-28 08:16:26,11.05,105,111,21,124.2,0.2,0,91,14,0,0,0,0,0,0,0,0,0,0,0,0,0,0,0,0,0,0,0,0,0
2026-09-28 08:16:36,11.34,105,111,21,124.4,0.2,0,91,14,0,0,0,0,0,0,0,0,0,0,0,0,0,0,0,0,0,0,0,0,0
2026-09-28 08:16:46,10.71,105,111,21,124.7,0.2,0,91,14,0,0,0,0,0,0,0,0,0,0,0,0,0,0,0,0,0,0,0,0,0
2026-09-28 08:16:56,10.88,105,111,21,124.8,0.2,0,91,14,0,0,0,0,0,0,0,0,0,0,0,0,0,0,0,0,0,0,0,0,0
2026-09-28 08:17:06,10.79,105,111,21,126.6,1.8,0,91,14,0,0,0,0,0,0,0,0,0,0,0,0,0,0,0,0,0,0,0,0,0
2026-09-28 08:17:16,11.47,105,111,21,124.9,-1.7,0,91,14,0,0,0,0,0,0,0,0,0,0,0,0,0,0,0,0,0,0,0,0,0
2026-09-28 08:17:27,11.55,105,111,21,125.1,0.2,0,91,14,0,0,0,0,0,0,0,0,0,0,0,0,0,0,0,0,0,0,0,0,0
2026-09-28 08:17:37,11.21,105,111,21,124.8,-0.3,0,91,14,0,0,0,0,0,0,0,0,0,0,0,0,0,0,0,0,0,0,0,0,0
2026-09-28 08:17:47,10.53,105,111,21,124.5,-0.4,0,91,14,0,0,0,0,0,0,0,0,0,0,0,0,0,0,0,0,0,0,0,0,0
2026-09-28 08:17:57,10.93,105,111,21,125.1,0.6,0,91,14,0,0,0,0,0,0,0,0,0,0,0,0,0,0,0,0,0,0,0,0,0
2026-09-28 08:18:07,11.03,105,111,21,125.0,-0.1,0,91,14,0,0,0,0,0,0,0,0,0,0,0,0,0,0,0,0,0,0,0,0,0
2026-09-28 08:18:17,10.40,105,111,21,126.8,1.8,0,91,14,0,0,0,0,0,0,0,0,0,0,0,0,0,0,0,0,0,0,0,0,0
2026-09-28 08:18:27,10.62,105,111,21,127.4,0.6,0,91,14,0,0,0,0,0,0,0,0,0,0,0,0,0,0,0,0,0,0,0,0,0
2026-09-28 08:18:37,11.14,105,111,21,126.7,-0.8,0,91,14,0,0,0,0,0,0,0,0,0,0,0,0,0,0,0,0,0,0,0,0,0
2026-09-28 08:18:47,10.58,105,111,21,127.3,0.7,0,91,14,0,0,0,0,0,0,0,0,0,0,0,0,0,0,0,0,0,0,0,0,0
2026-09-28 08:18:57,10.55,105,111,21,128.0,0.7,0,91,14,0,0,0,0,0,0,0,0,0,0,0,0,0,0,0,0,0,0,0,0,0
2026-09-28 08:19:07,10.94,105,111,21,98.3,-29.7,0,91,14,0,0,0,0,0,0,0,0,0,0,0,0,0,0,0,0,0,0,0,0,0
2026-09-28 08:19:17,11.61,105,111,21,106.6,8.3,0,91,14,0,0,0,0,0,0,0,0,0,0,0,0,0,0,0,0,0,0,0,0,0
2026-09-28 08:19:27,10.72,105,111,21,116.9,10.2,0,91,14,0,0,0,0,0,0,0,0,0,0,0,0,0,0,0,0,0,0,0,0,0
2026-09-28 08:19:37,11.03,105,111,21,105.5,-11.4,0,91,14,0,0,0,0,0,0,0,0,0,0,0,0,0,0,0,0,0,0,0,0,0
2026-09-28 08:19:47,11.07,105,111,21,108.1,2.6,0,91,14,0,0,0,0,0,0,0,0,0,0,0,0,0,0,0,0,0,0,0,0,0
2026-09-28 08:19:57,10.85,105,111,21,108.2,0.1,0,91,14,0,0,0,0,0,0,0,0,0,0,0,0,0,0,0,0,0,0,0,0,0
2026-09-28 08:20:07,10.74,105,111,21,108.8,0.5,0,91,14,0,0,0,0,0,0,0,0,0,0,0,0,0,0,0,0,0,0,0,0,0
2026-09-28 08:20:18,10.66,105,111,21,108.4,-0.4,0,91,14,0,0,0,0,0,0,0,0,0,0,0,0,0,0,0,0,0,0,0,0,0
2026-09-28 08:20:28,11.32,105,111,21,108.9,0.5,0,91,14,0,0,0,0,0,0,0,0,0,0,0,0,0,0,0,0,0,0,0,0,0
2026-09-28 08:20:38,10.88,105,111,21,109.0,0.1,0,91,14,0,0,0,0,0,0,0,0,0,0,0,0,0,0,0,0,0,0,0,0,0
2026-09-28 08:20:48,10.16,105,111,21,108.4,-0.6,0,91,14,0,0,0,0,0,0,0,0,0,0,0,0,0,0,0,0,0,0,0,0,0
2026-09-28 08:20:58,11.40,105,111,21,108.6,0.2,0,91,14,0,0,0,0,0,0,0,0,0,0,0,0,0,0,0,0,0,0,0,0,0
2026-09-28 08:21:08,10.90,105,111,21,109.2,0.6,0,91,14,0,0,0,0,0,0,0,0,0,0,0,0,0,0,0,0,0,0,0,0,0
2026-09-28 08:21:18,10.67,105,111,21,109.3,0.1,0,91,14,0,0,0,0,0,0,0,0,0,0,0,0,0,0,0,0,0,0,0,0,0
2026-09-28 08:21:28,11.05,105,111,21,108.8,-0.5,0,91,14,0,0,0,0,0,0,0,0,0,0,0,0,0,0,0,0,0,0,0,0,0
2026-09-28 08:21:38,10.88,105,111,21,108.1,-0.7,0,91,14,0,0,0,0,0,0,0,0,0,0,0,0,0,0,0,0,0,0,0,0,0
2026-09-28 08:21:48,10.21,105,111,21,113.0,4.9,0,91,14,0,0,0,0,0,0,0,0,0,0,0,0,0,0,0,0,0,0,0,0,0
2026-09-28 08:21:58,11.27,105,111,21,112.5,-0.5,0,91,14,0,0,0,0,0,0,0,0,0,0,0,0,0,0,0,0,0,0,0,0,0
2026-09-28 08:22:08,10.92,105,111,21,88.4,-24.1,0,91,14,0,0,0,0,0,0,0,0,0,0,0,0,0,0,0,0,0,0,0,0,0
2026-09-28 08:22:18,11.43,105,111,21,106.4,18.0,0,91,14,0,0,0,0,0,0,0,0,0,0,0,0,0,0,0,0,0,0,0,0,0
2026-09-28 08:22:28,10.97,105,111,21,112.8,6.4,0,91,14,0,0,0,0,0,0,0,0,0,0,0,0,0,0,0,0,0,0,0,0,0
2026-09-28 08:22:38,10.55,105,111,21,107.9,-4.9,0,91,14,0,0,0,0,0,0,0,0,0,0,0,0,0,0,0,0,0,0,0,0,0
2026-09-28 08:22:48,11.28,105,111,21,109.3,1.5,0,91,14,0,0,0,0,0,0,0,0,0,0,0,0,0,0,0,0,0,0,0,0,0
2026-09-28 08:22:58,10.17,105,111,21,109.4,0.1,0,91,14,0,0,0,0,0,0,0,0,0,0,0,0,0,0,0,0,0,0,0,0,0
2026-09-28 08:23:08,10.27,105,111,21,104.4,-5.0,0,91,14,0,0,0,0,0,0,0,0,0,0,0,0,0,0,0,0,0,0,0,0,0
2026-09-28 08:23:18,11.12,105,111,21,104.7,0.2,0,91,14,0,0,0,0,0,0,0,0,0,0,0,0,0,0,0,0,0,0,0,0,0
2026-09-28 08:23:28,10.65,105,111,21,104.4,-0.3,0,91,14,0,0,0,0,0,0,0,0,0,0,0,0,0,0,0,0,0,0,0,0,0
2026-09-28 08:23:39,10.61,105,111,21,107.1,2.7,0,91,14,0,0,0,0,0,0,0,0,0,0,0,0,0,0,0,0,0,0,0,0,0
2026-09-28 08:23:49,10.64,105,111,21,106.7,-0.4,0,91,14,0,0,0,0,0,0,0,0,0,0,0,0,0,0,0,0,0,0,0,0,0
2026-09-28 08:23:59,11.19,105,111,21,108.4,1.6,0,91,14,0,0,0,0,0,0,0,0,0,0,0,0,0,0,0,0,0,0,0,0,0
2026-09-28 08:24:09,10.80,105,111,21,114.0,5.7,0,91,14,0,0,0,0,0,0,0,0,0,0,0,0,0,0,0,0,0,0,0,0,0
2026-09-28 08:24:19,10.76,105,111,21,111.7,-2.3,0,91,14,0,0,0,0,0,0,0,0,0,0,0,0,0,0,0,0,0,0,0,0,0
2026-09-28 08:24:29,11.00,105,111,21,109.8,-2.0,0,91,14,0,0,0,0,0,0,0,0,0,0,0,0,0,0,0,0,0,0,0,0,0
2026-09-28 08:24:39,10.19,105,111,21,113.0,3.3,0,91,14,0,0,0,0,0,0,0,0,0,0,0,0,0,0,0,0,0,0,0,0,0
2026-09-28 08:24:49,10.81,105,111,21,115.6,2.6,0,91,14,0,0,0,0,0,0,0,0,0,0,0,0,0,0,0,0,0,0,0,0,0
2026-09-28 08:24:59,10.94,105,111,21,114.8,-0.9,0,91,14,0,0,0,0,0,0,0,0,0,0,0,0,0,0,0,0,0,0,0,0,0
2026-09-28 08:25:09,11.26,105,111,21,111.9,-2.9,0,91,14,0,0,0,0,0,0,0,0,0,0,0,0,0,0,0,0,0,0,0,0,0
2026-09-28 08:25:19,10.76,105,111,21,111.8,-0.1,0,91,14,0,0,0,0,0,0,0,0,0,0,0,0,0,0,0,0,0,0,0,0,0
2026-09-28 08:25:29,11.01,105,111,21,121.7,9.9,0,91,14,0,0,0,0,0,0,0,0,0,0,0,0,0,0,0,0,0,0,0,0,0
2026-09-28 08:25:39,10.83,105,111,21,110.7,-11.0,0,91,14,0,0,0,0,0,0,0,0,0,0,0,0,0,0,0,0,0,0,0,0,0
2026-09-28 08:25:49,10.82,105,111,21,114.5,3.8,0,91,14,0,0,0,0,0,0,0,0,0,0,0,0,0,0,0,0,0,0,0,0,0
2026-09-28 08:25:59,10.28,105,111,21,113.7,-0.8,0,91,14,0,0,0,0,0,0,0,0,0,0,0,0,0,0,0,0,0,0,0,0,0
2026-09-28 08:26:09,14.68,105,111,21,111.1,-2.6,0,91,14,0,0,0,0,0,0,0,0,0,0,0,0,0,0,0,0,0,0,0,0,0
2026-09-28 08:26:19,14.01,105,111,21,111.6,0.5,0,91,14,0,0,0,0,0,0,0,0,0,0,0,0,0,0,0,0,0,0,0,0,0
2026-09-28 08:26:30,14.49,105,111,21,112.9,1.3,0,91,14,0,0,0,0,0,0,0,0,0,0,0,0,0,0,0,0,0,0,0,0,0
2026-09-28 08:26:40,14.61,105,111,21,113.7,0.8,0,91,14,0,0,0,0,0,0,0,0,0,0,0,0,0,0,0,0,0,0,0,0,0
2026-09-28 08:26:50,14.57,105,111,21,113.1,-0.6,0,91,14,0,0,0,0,0,0,0,0,0,0,0,0,0,0,0,0,0,0,0,0,0
